MN,ACC_1,ACC_2,F1,AUC
SynClass,0.44905711726763275,0.47243770319449685,0.38619330854071526,0.48524381868131866
