MN,ACC_1,ACC_2,F1,AUC
SynClass,0.4642605859437494,0.477593522882411,0.3889725128215437,0.4892032967032967
