MN,ACC_1,ACC_2,F1,AUC
SynClass,0.44031115922609254,0.4740294152002283,0.37896128408140617,0.4828021978021979
