MN,ACC_1,ACC_2,F1,AUC
SynClass,0.4543546946500126,0.4693747759270246,0.38546003415356495,0.485469146238377
