MN,ACC_1,ACC_2,F1,AUC
SynClass,0.4641428577576554,0.4751231615389472,0.3838619670585454,0.48628021978021985
