MN,ACC_1,ACC_2,F1,AUC
SynClass,0.4825178649886421,0.48848836956651237,0.39391971537375964,0.4945308537616229
