MN,ACC_1,ACC_2,F1,AUC
SynClass,0.48299854456026486,0.48437174627730634,0.39313582531399,0.4927335164835165
