MN,ACC_1,ACC_2,F1,AUC
SynClass,0.47787244919271266,0.48775210248700956,0.3898290890811559,0.49268445839874414
