MN,ACC_1,ACC_2,F1,AUC
SynClass,0.5433353109171662,0.6053414302575377,0.4673544711439873,0.5387676609105181
