MN,ACC_1,ACC_2,F1,AUC
SynClass,0.546355787407821,0.604878682018317,0.47417569726554665,0.540731191885038
