MN,ACC_1,ACC_2,F1,AUC
SynClass,0.4678135551529497,0.47189511258289435,0.3865132910453464,0.4853241758241758
