MN,ACC_1,ACC_2,F1,AUC
SynClass,0.4619794490108454,0.4706384766307695,0.38285256559896774,0.48589481946624813
