MN,ACC_1,ACC_2,F1,AUC
SynClass,0.5467316131325305,0.6081561091079452,0.4746442601536387,0.5415968406593407
