MN,ACC_1,ACC_2,F1,AUC
SynClass,0.5442383184192436,0.6084125669796933,0.4723748620699109,0.5403186813186813
