MN,ACC_1,ACC_2,F1,AUC
SynClass,0.4346705793021823,0.44211469810202475,0.38877033417566814,0.47189217032967035
