MN,ACC_1,ACC_2,F1,AUC
SynClass,0.45882956930378616,0.470561075358305,0.39248853729762884,0.48629754860524094
