MN,ACC_1,ACC_2,F1,AUC
SynClass,0.5300081716363616,0.5888276656711295,0.4179766769136745,0.5292967032967033
