MN,ACC_1,ACC_2,F1,AUC
SynClass,0.5551424498295513,0.6096696631591466,0.4292423882001125,0.5355663567202029
