MN,ACC_1,ACC_2,F1,AUC
SynClass,0.5074523158870773,0.5848174382705973,0.4057261500629053,0.5213657770800628
