MN,ACC_1,ACC_2,F1,AUC
SynClass,0.4834307868031883,0.5222354902016593,0.400528725943048,0.5068612637362637
