MN,ACC_1,ACC_2,F1,AUC
SynClass,0.43328343242336803,0.45434117667199536,0.37192261754685424,0.4780013736263736
