MN,ACC_1,ACC_2,F1,AUC
SynClass,0.44301101833107376,0.4568631582575998,0.3701157793725827,0.47731318681318685
