MN,ACC_1,ACC_2,F1,AUC
SynClass,0.42709802717577,0.4490556630059076,0.3679892800233694,0.4748267117497887
