MN,ACC_1,ACC_2,F1,AUC
SynClass,0.43719390808118314,0.45848050401869156,0.36709792820424597,0.47633437990580846
