MN,ACC_1,ACC_2,F1,AUC
SynClass,0.5098472284740313,0.5092972641715228,0.41359882915548174,0.5055054945054945
