MN,ACC_1,ACC_2,F1,AUC,MCC
Stacking,0.6510182139169917,0.638115699895505,0.635249,0.6388898000000001,0.28330219999999995
