MN,ACC_1,ACC_2,F1,AUC,MCC
Stacking,0.6512694230434168,0.671033709754298,0.6525911999999999,0.6557142,0.31670580000000004
