MN,ACC_1,ACC_2,F1,AUC,MCC
Stacking,0.6531296585447522,0.6374789788820621,0.6345046,0.638824,0.28385659999999996
