MN,ACC_1,ACC_2,F1,AUC,MCC
Stacking,0.6508200813903197,0.6653534547563085,0.6515429999999999,0.6542878000000002,0.3122712
