MN,ACC_1,ACC_2,F1,AUC,MCC
Stacking,0.7465396825396826,0.7612380952380953,0.7256134,0.731667,0.4839696
