MN,ACC_1,ACC_2,F1,AUC,MCC
Stacking,0.7348571428571428,0.7367619047619047,0.6988038,0.71,0.44302759999999997
