MN,ACC_1,ACC_2,F1,AUC,MCC
Stacking,0.7629980563654033,0.7383333333333333,0.7202664,0.7299999999999999,0.4769168
