MN,ACC_1,ACC_2,F1,AUC,MCC
Stacking,0.7843333333333333,0.7893333333333333,0.7471897999999999,0.7566663999999999,0.5407488
