MN,ACC_1,ACC_2,F1,AUC,MCC
Stacking,0.7381944444444444,0.7139455782312926,0.6704516000000001,0.6933331999999999,0.4101868
