MN,ACC_1,ACC_2,F1,AUC,MCC
Stacking,0.7475555555555556,0.7861269841269842,0.72182,0.7340000000000001,0.49602300000000005
