MN,ACC_1,ACC_2,F1,AUC,MCC
Stacking,0.7429867184969224,0.7497301587301588,0.7164524,0.7266662000000003,0.46954039999999997
