MN,ACC_1,ACC_2,F1,AUC,MCC
Stacking,0.7321904761904762,0.7810495626822158,0.7124226,0.725,0.4758866
