MN,ACC_1,ACC_2,F1,AUC,MCC
Stacking,0.7383333333333333,0.7723333333333333,0.7143330000000002,0.726667,0.4789818
