MN,ACC_1,ACC_2,F1,AUC,MCC
Stacking,0.757904761904762,0.7114285714285713,0.7029506000000001,0.7125,0.445975
