MN,ACC_1,ACC_2,F1,AUC,MCC
Stacking,0.7621428571428571,0.7514577259475219,0.7296292,0.7399999999999999,0.4935214000000001
