MN,ACC_1,ACC_2,F1,AUC,MCC
Stacking,0.7243571428571428,0.7603015873015874,0.717012,0.7233332,0.46447939999999993
