MN,ACC_1,ACC_2,F1,AUC
Stacking,0.5266492494874444,0.5529111503929581,0.5265363999999999,0.535
