MN,ACC_1,ACC_2,F1,AUC
Stacking,0.547524531024531,0.5517417027417028,0.5354702,0.545715
