MN,ACC_1,ACC_2,F1,AUC
Stacking,0.5217246642246642,0.5523874001815178,0.524703,0.535
