MN,ACC_1,ACC_2,F1,AUC
Stacking,0.522013246658219,0.5243707583266407,0.51435,0.524615
